observation_date,INDLOLITOAASTSAM
1994-04-01,98.5598294703461
1994-05-01,99.1068231396797
1994-06-01,99.6089970704585
1994-07-01,100.0606039129530
1994-08-01,100.4590920130660
1994-09-01,100.8052067263120
1994-10-01,101.1041935914540
1994-11-01,101.3616604336770
1994-12-01,101.5857654716030
1995-01-01,101.7850163654980
1995-02-01,101.9681112451190
1995-03-01,102.1395638596650
1995-04-01,102.2998324577030
1995-05-01,102.4460406383920
1995-06-01,102.5741420590490
1995-07-01,102.6801298369680
1995-08-01,102.7576281623180
1995-09-01,102.8034660797320
1995-10-01,102.8167149590990
1995-11-01,102.7998520901550
1995-12-01,102.7550052543960
1996-01-01,102.6833470616110
1996-02-01,102.5849267200990
1996-03-01,102.4589822239760
1996-04-01,102.3054127824790
1996-05-01,102.1244563821690
1996-06-01,101.9197181017840
1996-07-01,101.6962168579790
1996-08-01,101.4630802438390
1996-09-01,101.2314338666930
1996-10-01,101.0128732507680
1996-11-01,100.8174021949640
1996-12-01,100.6518701519440
1997-01-01,100.5164779320560
1997-02-01,100.4065932500590
1997-03-01,100.3150129042770
1997-04-01,100.2335869722110
1997-05-01,100.1517166720890
1997-06-01,100.0577454780590
1997-07-01,99.9419714848315
1997-08-01,99.7994745258977
1997-09-01,99.6303548641564
1997-10-01,99.4364976734331
1997-11-01,99.2218226720630
1997-12-01,98.9946319498122
1998-01-01,98.7632768371404
1998-02-01,98.5405735292953
1998-03-01,98.3361533271461
1998-04-01,98.1600487181522
1998-05-01,98.0232671439352
1998-06-01,97.9385363359439
1998-07-01,97.9188992173310
1998-08-01,97.9739898912110
1998-09-01,98.1090248084566
1998-10-01,98.3261776640398
1998-11-01,98.6254609920782
1998-12-01,99.0033564829349
1999-01-01,99.4531198270461
1999-02-01,99.9658721253136
1999-03-01,100.5333386009940
1999-04-01,101.1455264760240
1999-05-01,101.6326658465540
1999-06-01,102.1388707146440
1999-07-01,102.6527980742080
1999-08-01,103.1602007199830
1999-09-01,103.6456086052100
1999-10-01,104.0874770699050
1999-11-01,104.4601765826290
1999-12-01,104.7390248505040
2000-01-01,104.9035717580160
2000-02-01,104.9457437859940
2000-03-01,104.8679319443850
2000-04-01,104.6813733631450
2000-05-01,104.4048532816480
2000-06-01,104.0609147975600
2000-07-01,103.6725673793350
2000-08-01,103.2628220267690
2000-09-01,102.8506498134940
2000-10-01,102.4505762876860
2000-11-01,102.0675366673650
2000-12-01,101.7023419197190
2001-01-01,101.3561543565030
2001-02-01,101.0275624552150
2001-03-01,100.7108003405150
2001-04-01,100.4033647019590
2001-05-01,100.1022919527160
2001-06-01,99.7867519874971
2001-07-01,99.4771568597000
2001-08-01,99.1774073587170
2001-09-01,98.8929008819884
2001-10-01,98.6312041610889
2001-11-01,98.3973962773743
2001-12-01,98.1912874062650
2002-01-01,98.0093167845012
2002-02-01,97.8458324140090
2002-03-01,97.6966266312188
2002-04-01,97.5582823444995
2002-05-01,97.4287075271278
2002-06-01,97.3066545475652
2002-07-01,97.1911310142833
2002-08-01,97.0850658196735
2002-09-01,96.9918669871458
2002-10-01,96.9179735518287
2002-11-01,96.8701618052144
2002-12-01,96.8548756064575
2003-01-01,96.8784622951080
2003-02-01,96.9469482762838
2003-03-01,97.0647432566916
2003-04-01,97.2311132407997
2003-05-01,97.4400565617554
2003-06-01,97.6829688352477
2003-07-01,97.9507081179574
2003-08-01,98.2334521194331
2003-09-01,98.5206471506433
2003-10-01,98.8025152693255
2003-11-01,99.0683000836562
2003-12-01,99.3084023449229
2004-01-01,99.5149682167067
2004-02-01,99.6843929492512
2004-03-01,99.8163457596921
2004-04-01,99.9124668160468
2004-05-01,99.9753468044340
2004-06-01,100.0108330793210
2004-07-01,100.0215334845560
2004-08-01,100.0085241398360
2004-09-01,99.9734514549223
2004-10-01,99.9176196975266
2004-11-01,99.8423835345125
2004-12-01,99.7509214756068
2005-01-01,99.6494796003969
2005-02-01,99.5448435446031
2005-03-01,99.4429456795762
2005-04-01,99.3497321424157
2005-05-01,99.2694053463270
2005-06-01,99.2048071033727
2005-07-01,99.1584653786280
2005-08-01,99.1305457984617
2005-09-01,99.1199888516888
2005-10-01,99.1267710186971
2005-11-01,99.1527615865643
2005-12-01,99.1984273202319
2006-01-01,99.2628996272818
2006-02-01,99.3436717678570
2006-03-01,99.4356546762043
2006-04-01,99.5322273885085
2006-05-01,99.6289949397503
2006-06-01,99.7275832638928
2006-07-01,99.8305314140280
2006-08-01,99.9395216103096
2006-09-01,100.0555068762010
2006-10-01,100.1784542535830
2006-11-01,100.3077924404920
2006-12-01,100.4430888973420
2007-01-01,100.5889060060380
2007-02-01,100.7514826784700
2007-03-01,100.9366180982870
2007-04-01,101.1445841513160
2007-05-01,101.3685269134760
2007-06-01,101.5942709162620
2007-07-01,101.8039046606960
2007-08-01,101.9786387344320
2007-09-01,102.1013451752810
2007-10-01,102.1561333513560
2007-11-01,102.1289134446260
2007-12-01,102.0125132897610
2008-01-01,101.8074833407070
2008-02-01,101.5251609060040
2008-03-01,101.1821263354330
2008-04-01,100.7996867876000
2008-05-01,100.4022335214750
2008-06-01,100.0181556298690
2008-07-01,99.6764032800532
2008-08-01,99.3991150448792
2008-09-01,99.2036442998607
2008-10-01,99.1001816504729
2008-11-01,99.0934383170991
2008-12-01,99.1816008571940
2009-01-01,99.3573880207368
2009-02-01,99.6108673059587
2009-03-01,99.9291490922348
2009-04-01,100.2966922431810
2009-05-01,100.6968853269080
2009-06-01,101.1133001975470
2009-07-01,101.5324736080510
2009-08-01,101.9420985369950
2009-09-01,102.3322355645470
2009-10-01,102.6945996870760
2009-11-01,103.0217893786630
2009-12-01,103.3059676134870
2010-01-01,103.5422815364610
2010-02-01,103.7280378803020
2010-03-01,103.8637450846860
2010-04-01,103.9515401762890
2010-05-01,103.9954248814560
2010-06-01,104.0030384857240
2010-07-01,103.9799363460810
2010-08-01,103.9293808093800
2010-09-01,103.8532334577510
2010-10-01,103.7506288080500
2010-11-01,103.6195122389270
2010-12-01,103.4586510523080
2011-01-01,103.2671122992150
2011-02-01,103.0463182385690
2011-03-01,102.7967441873620
2011-04-01,102.5191845257800
2011-05-01,102.2177227027580
2011-06-01,101.9000338836160
2011-07-01,101.5733722091100
2011-08-01,101.2453426931030
2011-09-01,100.9246743398160
2011-10-01,100.6186596827330
2011-11-01,100.3310462920850
2011-12-01,100.0644497869990
2012-01-01,99.8204478578780
2012-02-01,99.5978233633596
2012-03-01,99.3955708281872
2012-04-01,99.2144042322715
2012-05-01,99.0545072065185
2012-06-01,98.9150542998453
2012-07-01,98.7933649145673
2012-08-01,98.6866288647949
2012-09-01,98.5906517990166
2012-10-01,98.5003406552228
2012-11-01,98.4118362026130
2012-12-01,98.3221701781170
2013-01-01,98.2292087307099
2013-02-01,98.1323504479265
2013-03-01,98.0336008515786
2013-04-01,97.9356546700790
2013-05-01,97.8424038497517
2013-06-01,97.7606866088919
2013-07-01,97.6999626888089
2013-08-01,97.6719374238379
2013-09-01,97.6881093934294
2013-10-01,97.7512526687578
2013-11-01,97.8585777037795
2013-12-01,98.0047512142848
2014-01-01,98.1832103232208
2014-02-01,98.3876305869846
2014-03-01,98.6110422756861
2014-04-01,98.8452511205838
2014-05-01,99.0816034069318
2014-06-01,99.3106343336051
2014-07-01,99.5253040485824
2014-08-01,99.7213231822067
2014-09-01,99.8953205394015
2014-10-01,100.0451281333420
2014-11-01,100.1700836254600
2014-12-01,100.2692668721890
2015-01-01,100.3439930267190
2015-02-01,100.3958363348870
2015-03-01,100.4269348169780
2015-04-01,100.4404874386800
2015-05-01,100.4391322900710
2015-06-01,100.4234889701090
2015-07-01,100.3930102893820
2015-08-01,100.3471007637520
2015-09-01,100.2860945410800
2015-10-01,100.2096354989070
2015-11-01,100.1155939189130
2015-12-01,100.0033788109630
2016-01-01,99.8728552843276
2016-02-01,99.7261147946001
2016-03-01,99.5649876901683
2016-04-01,99.3910231392316
2016-05-01,99.2057286584190
2016-06-01,99.0119036324181
2016-07-01,98.8137972724646
2016-08-01,98.6193338267518
2016-09-01,98.4388481820096
2016-10-01,98.2846474324869
2016-11-01,98.1697597719380
2016-12-01,98.1064572062487
2017-01-01,98.1035413512421
2017-02-01,98.1637187819293
2017-03-01,98.2837261818551
2017-04-01,98.4562902244065
2017-05-01,98.6725511203364
2017-06-01,98.9239325995846
2017-07-01,99.2014197458383
2017-08-01,99.4957055389413
2017-09-01,99.7981010822441
2017-10-01,100.1004631349690
2017-11-01,100.3953706104500
2017-12-01,100.6749583356050
2018-01-01,100.9327442688190
2018-02-01,101.1628997997610
2018-03-01,101.3610626994170
2018-04-01,101.5230156338570
2018-05-01,101.6437118132190
2018-06-01,101.7202487545070
2018-07-01,101.7519414639350
2018-08-01,101.7406719369720
2018-09-01,101.6898821275840
2018-10-01,101.6062403401430
2018-11-01,101.4972038257200
2018-12-01,101.3689227564960
2019-01-01,101.2270097369990
2019-02-01,101.0758018552690
2019-03-01,100.9181510269610
2019-04-01,100.7550114672780
2019-05-01,100.5889167508900
2019-06-01,100.4234522776610
2019-07-01,100.2632070241190
2019-08-01,100.1122464636640
2019-09-01,99.9741780772785
2019-10-01,99.8505066270983
2019-11-01,99.7415175862111
2019-12-01,99.6485565167082
2020-01-01,99.5749054520719
2020-02-01,99.5245212744459
2020-03-01,86.6844937136094
2020-04-01,62.3948575892989
2020-05-01,79.8673808714766
2020-06-01,89.4991456627295
2020-07-01,94.1666202886568
2020-08-01,95.8547553751185
2020-09-01,98.6269560407684
2020-10-01,100.1057444457690
2020-11-01,100.2495234175830
2020-12-01,100.3918748824060
2021-01-01,100.5275512341270
2021-02-01,100.6527258773850
2021-03-01,100.7647368880770
2021-04-01,100.8621085759920
2021-05-01,100.9437423441580
2021-06-01,101.0082272264800
2021-07-01,101.0545607540190
2021-08-01,101.0818331939890
2021-09-01,101.0898367178710
2021-10-01,101.0795627272800
2021-11-01,101.0523637188280
2021-12-01,101.0089139639810
2022-01-01,100.9485458417780
2022-02-01,100.8706673446630
2022-03-01,100.7748116622500
2022-04-01,100.6609263259620
2022-05-01,100.5313608820990
2022-06-01,100.3899829882560
2022-07-01,100.2400521975560
2022-08-01,100.0840446696990
2022-09-01,99.9252227864706
2022-10-01,99.7672110167223
2022-11-01,99.6138149431828
2022-12-01,99.4681377392045
2023-01-01,99.3347847354167
2023-02-01,99.2177928664805
2023-03-01,99.1196303758665
2023-04-01,99.0403537974533
2023-05-01,98.9768041109768
2023-06-01,98.9257986873216
2023-07-01,98.8846618746447
2023-08-01,98.8524394912830
2023-09-01,98.8295151892455
2023-10-01,98.8174840605442
2023-11-01,98.8177491134210
2023-12-01,98.8303334896526
2024-01-01,98.8529787732704
2024-02-01,98.8830988301488
2024-03-01,98.9177217886399
2024-04-01,98.9538278784295
2024-05-01,98.9896651624816
2024-06-01,99.0233286363219
2024-07-01,99.0529832143925
2024-08-01,99.0798251787807
2024-09-01,99.1058207910444
2024-10-01,99.1359627742640
2024-11-01,99.1761091191788
2024-12-01,99.2314479791399
2025-01-01,99.3071844141777
2025-02-01,99.4060940366073
2025-03-01,99.5287608038074
2025-04-01,99.6728277281257
2025-05-01,99.8355422695831
2025-06-01,100.0126567387990
2025-07-01,100.2007128618300
2025-08-01,100.3965974703910
2025-09-01,100.5973723088580
2025-10-01,100.8001839384680
2025-11-01,101.0008594588930
2025-12-01,101.1957075839940
2026-01-01,101.3839408351510
2026-02-01,101.5665290490290
2026-03-01,101.7456045420850
2026-04-01,101.9244475256100
2026-05-01,102.1045650319000
